{"assets/icons/appIcon.png":["assets/icons/appIcon.png"],"assets/icons/arrow.svg":["assets/icons/arrow.svg"],"assets/icons/free_tag.svg":["assets/icons/free_tag.svg"],"assets/images/flutter.png":["assets/images/flutter.png"],"assets/images/ielts.png":["assets/images/ielts.png"],"assets/images/mentor1.png":["assets/images/mentor1.png"],"assets/images/mentor2.png":["assets/images/mentor2.png"],"assets/images/mentor3.png":["assets/images/mentor3.png"],"assets/images/mern.png":["assets/images/mern.png"],"assets/images/python_course.png":["assets/images/python_course.png"],"assets/images/sql_course.png":["assets/images/sql_course.png"],"packages/cupertino_icons/assets/CupertinoIcons.ttf":["packages/cupertino_icons/assets/CupertinoIcons.ttf"]}